Author;Title;Place  /  Press;Year;Other editions  /  Translations;Source Type  /  voll.;Key Words;Synopsis;Archival / catalogue reference ;URL / Links;Notes
[ Anonyme ? ];Relación del rigvroso martyrio, qve el Padre Fr. Ioan de Prado de la provincia de San Diego de Sevilla, predicador, y provincial, que fue de la misma provincia, que es de frailes descalços franciscos, padecio en la ciudad de Marruecos ... la qual relacion embió el Governador de Marzagan, al Excelentissimo Señor Duque de Medina Sydonia;Sevilla, por Luis Estupiñan;1631;;"Printed text  [ 4 pp. ; 4º ]";Juan de Prado, Blessed - Martyrdom - Maroc - XVII century - North Africa - Sacrifice for faith - Christian-Islamic struggle - Franciscan Order - Barbary;"The account is very short (just 4 pages) and relates the events of Friar Juan de Prado's mission to Morocco in the first months of 1631. The author refers that the Franciscan friar had asked for and obtained the necessary licences to travel to Morocco (Azamor and Marrakech) to give assistance and spiritual relief to Christian captives and to carry out a mission of evangelisation of the Moors, together with his co-friar Matías de San Francisco. But the King of Morocco, Muley Abdel Malik, who had granted safe-conduct to the two friars, had died before their arrival and his brother, who had succeeded him on the throne, did not want to recognise the safe-conduct given by his dead brother and took the friars hostage as his slaves. After keeping them in prison for a month, the king gave them the opportunity to be released, on condition that they left as soon as possible to return to Spain, without preaching the Christian religion nor proselytising. But Juan de Prado did not accept, because he had gone to Africa for that purpose and, instead, began to debate with the king of Morocco and to give his arguments attempting to convince him to convert to Christianity. He told him that man can only be saved in the law of Christ and “condemned the falsehood and deception of the Sect of Mohammed”, through which “all Moors are lost and condemned to Hell”. Then the Moroccan king, enraged, attacked him with a dagger and, in an uncontrollable hatred, struck him several times in the chest. Finally, he ordered the almost lifeless body of the friar to be burnt on a pyre, saying to all the Muslims present: “Whoever wants to go to paradise, let him throw a piece of wood on the fire!”.
The author of the report explicitly speaks of the friar as a “Holy Martyr of Christ”, because he was “condemned to death and burned for the faith” and adds that with his last strength, already engulfed in flames, he continued to preach the Catholic faith until his last breath.";One copy in BNE (ref.:  AFRGFC / 186 / 10);http://catalogo.bne.es/uhtbin/cgisirsi/x/0/0/57/5/3?searchdata1=2686183{CKEY}&searchfield1=GENERAL^SUBJECT^GENERAL^^&user_id=WEBSERVER;The author is the Portuguese Governor of Mazaghán in 1631. The report was written a few weeks after the events narrated, and was published a few months later.
[ Anonyme ];Juan Gerson Canciller de París, De la Imitación de Christo;Cagliari (Sardinia), imprenta de Vicente Samberinos;1567;;Printed book [ in 12º ];;;;;It is a Spanish translation of an earlier work, which the editor attributed by mistake to Juan Gerson, while it was indeed composed by Thomas de Kempis.
[ Anonyme ];Martirio del reuer. p. Emondo Campiano della compagnia di Giesu, patito in Inghilterra per la fede catholica romana il primo giorno di decembre 1581. Tradotto dall’inglese in lingua francese, & poi dal francese in italiano.;Venice, by the Brothers Domenico and Giovan Battista Guerra.;1582;;;;;;;
[ Anonyme ];Christianos cautivos muertos en Berbería de 1684 a 1779.;;;;;;;;;
[ Anonyme ];Martirio di vn santo putto martirizato crudelmente nel giorno di venerdi santo da empij hebrei, in dispregio della passione di Christo, illustrato con molti miracoli. Raccolto breuemente da certe annotationi scritte a mano del molto R.P. Fra Lorenzo Surio.;Roma, appresso Guglielmo Facciotto;1601;;;;;;;
[ Unknown ];Christianos cautivos muertos en Berbería de 1684 a 1779.;;;;;;;;;
[ Unknown ];Copia d’una lettera venuta nouamente di Spagna, de un martirizato per la fede di Christo. Tradotta di spagnuolo in italiano.;Milano, per Michele Tini;1580;;;;;;;
[ Unknown ];"Auisi, nouamente uenuti d’Inghilterra, oue si contiene la morte, e martirio di sei religiosi per la fede christiana; cosa notabile à essempio di ogni fedel christiano, uenuti il dí primo di Decembre 1587.";Bolonia, by Fausto Bonardo;1588;;;;;;;
[ Unknown ];Relación verdadera, en la qual se da cuenta como en la Ciudad de Rodas, provincia de Turquia, un Turco de nación inspirado de Dios nuestro Señor se convirtió a nuestra Santa Fè Catolica, y como predicó publicamente delante de todo el concurso, dandoles a entender la ley falsa en que vivian. Declara como le prendieron, y las razones que dezía llevandole a martirizar, y el martirio que le dieron.;Valladolid;1632;;;;;;;
Andrés de Uztárroz, Juan Francisco  [ 1606 - 1653 ];Monumento de los santos martyres Iusto i Pastor en la ciudad de Huesca. Con las antigüedades que se hallaron fabricando una capilla para trasladar sus santos cuerpos.;[n. g.];1644;Ed. Iuan Nogues, 1644;Printed book;"Martyrdom ; Saints Justo and Pastor";"This work is a hagiography dedicated to Saints Justus and Pastor, also known as the “Holy Children”, or the “young martyrs”. Saints Justus and Pastor died martyrs in 304 A.D., during the great persecution of Diocletian, as children under the age of ten. They were executed in Alcalá de Henares, by order of the governor Dacian, because they refused to abjure Christianity. In the place where they were martyred, years later a chapel was built to house their remains. After the Muslim invasion, the relics of the holy children were taken by Saint Urbicius to the province of Huesca and to Bordeaux (France); in 1568 part of the remains returned to Alcalá, but most of them were kept in Huesca, to which monument a large part of this work is dedicated. His feast day is celebrated on 6 August.";;http://catalogo.bne.es/uhtbin/cgisirsi/x/0/0/57/5/3?searchdata1=4173240{CKEY}&searchfield1=GENERAL^SUBJECT^GENERAL^^&user_id=WEBSERVER;
Antonio, Nicolás  [1617-1684];Bibliotheca Hispana Nova sive Hispanorum scriptorum qui ab anno MD ad MDCLXXXIV floruere notitia;;1684  (Editio princeps);"1783 (vol. I) - 1788 (vol. II)   [ Bibliotheca Hispana Nova sive Hispanorum scriptorum qui ab anno MD ad MDCLXXXIV floruere notitia ]   ;   Madrid, 1999  [ Biblioteca hispana nueva, o de los escritores españoles que brillaron desde el año MD hasta el de MDCLXXXIV ], 2 voll.";Printed text  [ 2 voll. ];;"In the cover, after the title, the following notice is given about the autor : « Autor D. Nicolás Antonio, Juriconsulto sevillano, caballero de la Orden de Santiago, canónigo de la Iglesia Patria, agente general de los reales negocios en Roma y en la Curia Romana, consejero real. Ahora se edita por primera vez, traducida al castellano de la que fue revisada, corregida y ampliada por el autor mismo ».
It is a re-edition of the translation of the original work, made by Francisco Pérez Bayer in 1788 and published in Madrid in the Press of the Real Printer Joaquín Ibarra’s widow and heirs.";There are several exemplars (both printed and manuscripts) of the work in BNE, Madrid.;"http://catalogo.bne.es/uhtbin/cgisirsi/x/0/0/57/5/3?searchdata1=4025268{CKEY}&searchfield1=GENERAL^SUBJECT^GENERAL^^&user_id=WEBSERVER  ;  http://bdh-rd.bne.es/viewer.vm?id=0000007573&page=1  (vol. I) ;  http://bdh-rd.bne.es/viewer.vm?id=0000007573&page=1  (vol. II).";"The ""editio princeps"", as well as any other further edition of the work, consists of 2 volumes.  Links to the Mss. and print edition held in BNE (Madrid) :  http://catalogo.bne.es/uhtbin/cgisirsi/0/x/0/05?searchdata1=Mima0000128152  ;  http://bdh.bne.es/bnesearch/CompleteSearch.do?numfields=1&field1=autor&showYearItems=&visor=&field1val=%22Antonio%2c+Nicol%c3%a1s%22&advanced=true&field1Op=AND&exact=on&textH=&completeText=&text=&sort=anho_desc&pageSize=1&pageSizeAbrv=30&pageNumber=2 "
Augustin (Saint), Aurelio;De Civitate Dei.;Roma, Città nuova;2000;"Italian Editions: ''La Città di Dio'' (Roma, 2000);";Printed book;"Sacrifice ; confession ; faith ; Holy Scriptures.";;;;
Baldani, Fulgenzio  [ Order of Eremits ];Vita del Ven. P. Fr. Diego Ortiz Agostiniano, el quale nel 1568 nel Perú sparse il sangue per la Fede di Christo.;Genova, imprenta de Pavoni;16**;;Printed book  [in 4º];;;;;
Beuter, Pedro Antonio  [ Valencia ];De recta Sacrificii oblatione et caerimoniis ad Missam;Lyon, by Gaspar Trechsel  [ printer ];1542;;Printed book [ in 8º ];Mass - Sacrifice - Catholic Liturgy - Sacraments;;;;The work is dedicated to the Pope Paul III.
Calvo, Pedro (O.P.);Defensam das lagrimas dos justos perseguidos e das sagradas religiones fruto das lagrimas de Christo … autor o P.F. Pedro Caluo dominicano ...;Lisbon. Por Pedro Crasbeeck [printer];1618;"1627 ; 1629 : ""Parte segunda defensam das sagradas religiões, fructo das lagrimas de Christo N.S. dirigida ao mesmo senhor, por o autor da primera"" ; A Latin Translation was published in Colonia (Germany) in 1669 ; Gonzalves de Calvo, Pedro. ""Defensa de las lágrimas de los Justos"", Translated from Portuguish to Spanish by Fr. Vicente Gomez († 1638)  [place and date of publication not given].";Printed text  [ 2 voll. , in 4º ];Theology - Portugal - Sacrifice for faith;;;;Colophon in the second part. The printer in the second part is Antonio Aluarez. Covers with woodcut coat of arms. Engraved initials. Marginal apostilles.
Cardim, Antonio Francisco;Fasciculus e Japonicis floribus. Catalogus occissorum in odium fidei;;;;;;;Vedi: Nicholás Antonio, Bibliotheca Hispana Nueva, vol. 2  (INDICI), p. 640  [ col. I ];;
Chacón, Alfonso;De Martyribus Monsterii, S. Petri de Cardeña;;;;;;;Vedi: Nicholás Antonio, Bibliotheca Hispana Nueva, vol. 2  (INDICI), p. 639  [ col. II ];;
Chirino, Juan;De las persecuciones de la Iglesia;;;;;;;Vedi: Nicholás Antonio, Bibliotheca Hispana Nueva, vol. 2  (INDICI), p. 639  [ col. I ];;
Collazo, Antonio;Relación succinta de la vida, y muerte de tres Santos Mártyres, Paulo, Juan y Diego Japonés de la Compañía de Jesús.;;;;;;;Ref. by Nicholás Antonio, Bibliotheca Hispana Nueva, vol. 1, p. 109;;
Colombo, Felipe  [ 1623-1684 ];Resvmen de la vida del glorioso mártir San Pedro Pasqval de Valencia, ínclito Dotor Parisiense, Canonigo de la Santa Metropolitana Iglesia de Valencia, Obispo de Granada, Governador del Arçobispado de Toledo, Obispo de Jaén, Chanciller Mayor de Castilla, Escritor Insigne, Redentor Ilustre, y Gloria del Celeste, real, y Militar Orden de los Redentores de Nuestra Señora de la Merced. Padeció en Granada año M.CCC. Sv avtor, el Rev. Pad. Maest. Fray Felipe Colombo. De nuevo añadido por el R. P. Pres. fr. Ivan Bavtista Merega [...];Valencia, en la Imprenta de Francisco Mestre;1704;"1979 :  anastatical Reprint [facsimil reproduction ?] published in 1979 in Valencia by Librerías ""Paris-Valencia"".";Printed Book;Martyrdom - Pedro Pascual - Order of Mercy - Valencia - Medieval Spain - Christian-Muslim struggle - Sacrifice for Faith - Hagiography;Hagiography and apologetical treaty upon the life and martyrdom of the Valencian Bishop of Jaén Pedro Pascual, religiousman of the Order of Mercy in the late 13th century. After being captured by Moors and taken to Muslim Granada as slave, his religious fellows collected money to pay his ransom and rescue him, but he denied to be released from prison, in order to allow that other Christian captives were rescued and liberated instead of him. Thus he kept imprisoned in Granada and was finally murdered by Moors in the year 1300.;;http://catalogo.bne.es/uhtbin/cgisirsi/x/0/0/57/5/3?searchdata1=1244249{CKEY}&searchfield1=GENERAL^SUBJECT^GENERAL^^&user_id=WEBSERVER;
Concepción, Antonio de la;Martyrium trium puerorum in Marrochiana Urbe. Vita Ioannae Infantis Portugalliae.;;;;Manuscript;;;Vedi: Nicholás Antonio, Bibliotheca Hispana Nueva, vol. 2  (INDICI), p. 640  [ col. I ];;
Cruz (de la), Luis;Historia del glorioso martir San Vicente. En octaua Rima;Toledo, en casa de Pedro López de Haro;1585;Viejo Sánchez, María Luisa  [ed.], Historia del glorioso mártir San Vicente, de Luis de la Cruz, Consell Valencià de Cultura, Valencia, 2005;Printed book;"Hagiography ; Martyrdom ; Saint Vincent ; Roman Empire ; Persecutions against Christians";"This is a hagiographic work in form of poem about the life and martyrdom of Saint Vincent of Saragossa (also known as Vincent Martyr), the Protomartyr of Spain. He was probably born in Huesca, Tarragona (Spain) during the latter part of the 3rd century; after being named by the former Bishop Valerius as deacon of the Church of Saragossa, he was commissioned to preach throughout the diocese. He was martyred under the Emperor Diocletian around the year 304. Vincent's dead body was thrown into the sea in a sack, but was later recovered by the Christians and later buried in a grave in Cape St. Vincent, in the Algarve (southern Portugal). His veneration immediately spread throughout the Church. The poem is expecially devoted to the last days of the Saint, from his conversation with the Roman Governor Daciano in Valencia, to the beatings he suffered, the emprisonment and finally his horrific execution and martyrdom for the defense of Christian faith.";;http://catalogo.bne.es/uhtbin/cgisirsi/x/0/0/57/5/3?searchdata1=4644401{CKEY}&searchfield1=GENERAL^SUBJECT^GENERAL^^&user_id=WEBSERVER;
Dávila y Toledo, [Don] Sancho  [ Ávila, 1546 - Plasencia, 1625 ];Vida de S. Vidal, Arcipreste y mártyr de Toledo;Baeza;1601;;Printed book;;;;;"The author had received the body of Saint Vidal ""as a gift"" from the Pope Clement VIII (Nicholás Antonio, Bibliotheca Hispana Nueva, ed. 1788, vol. II, p. 304)."
De la Fuente, Martín  [ Cistercenses Order ];De Officialibus monasterii sacrificio missae et horis canonicis. De modo legendi horas canonicas Dominicis diebus et feriis totius anni. De Sanctis sive de modo legendi Officium in solemnitatibus Sanctorum. De signis quibus monachi uti debent in locis et horis silentii.;Salamanca, en la imprenta de Juan Fernández;1586;;Printed book [ in 8º ];Mass - Sacrifice - Catholic Liturgy - Sacraments;;;;
De los Huertos, Marcos  [ Dominican Order ];De Sacrificio Missae;;1620  [?];;;;;;;
Garces, García (Societas Iesus);Relación de la persecución que hubo en la Iglesia de Japón y de los insignes mártires que gloriosamente dieron sus vidas en defensa de nuestra Santa Fe el año 1622. Por el padre García Garcés, de la Compañía de Jesús, antiguo ministro del Santo Evangelio en aquella Christiandad.;Madrid, por Luis Sánchez;1625;;Printed book;Mártires cristianos - Japón - España;;;"http://catalogo.bne.es/uhtbin/cgisirsi/x/0/0/57/5/3?searchdata1=437063{CKEY}&searchfield1=GENERAL^SUBJECT^GENERAL^^&user_id=WEBSERVER  ; http://bdh-rd.bne.es/viewer.vm?id=0000255166&page=1";Portada con escudo xilográfico de la Compañía de Jesús
García, Gregorio;Predicación del Evangelio en el Nuevo Mundo, viviendo los Apóstoles;Seville;1625;;Printed book;;;Vedi: Nicholás Antonio, Bibliotheca Hispana Nueva, vol. 2  (INDICI), p. 639  [ col. I ];;
Gómez Losada, Gabriel;"Escuela de trabajos, en quatro libros dividida: Primero, del Cautiverio mas cruel, y tirano; Segundo, Noticias, y govierno de Argel; Tercero, Necesidad, y Conveniencia de la Redempcion de Cautivos Christianos; Quarto, El mejor Cautivo rescatado. Con la vida del Santo, y inclito Martir Fr. Pedro Pascual de Valencia, del Orden de Nuestra Señora de le Merced. ";Madrid;1670;;Printed book;"Sacrifice of Freedom ; Order of Mercy ; Catholic Treaties ; Gómez Losada ; Captivity ; Early-Modern slavery ; Martyrdom ; North Africa ; Redemptions";;;;
Govea, Antonio;Triunfos de tres mártires  de Persia y Argel. Vida de San Juan de Dios. Vida de Santa Clara de Montefalco;;;;;;;Vedi: Nicholás Antonio, Bibliotheca Hispana Nueva, vol. 2  (INDICI), p. 640  [ col. I ];;
Henao, Gabriel de (S.I.)  [ Valladolid ? - ? ];De Missae Sacrificio divino atque traemendo tractatio scholastica moralis, expositiva et canonica.;Salamanca, en la imprenta de Sebastián Pérez;1658;;Printed book;Mass - Sacrifice - Catholic Liturgy - Sacraments;;;;"The book is the first part of a work in three volumes, titled ""Practica moralis et canonica…"": the second volume  was published in Salamanca in 1659, while the last one was published in 1661."
Horozco, Agustín de;Vida de S. Fernando y Germán, Mártires;;;;;;;Vedi: Nicholás Antonio, Bibliotheca Hispana Nueva, vol. 2  (INDICI), p. 639  [ è l'ultimo titolo della col. I ];;
Juan Crisóstomo [Saint];Los seis libros de S. Juan Chrysostomo sobre el Sacerdocio. Traducidos en lengua vulgar, ilustrados con notas criticas, y corregidos en esta segunda impresion por ... Phelipe Scio de San Miguel de las Escuelas Pías.;Madrid, en la Imprenta de Pedro Marín;1776;This is a Spanish translation of the original (written in Greek): it was translated by Felipe Scio de San Miguel (1738-1796). An earlier Spanish edition had been published in Madrid in the XVII cent.;Printed book  [ 356 pp., in 8º ];;;;http://bdh-rd.bne.es/viewer.vm?id=0000112210&page=1;
Lima, (Don) Antonio de;"Carta que escrivió el Capitan Don Antonio de Lima, cautivo en la ciudad de Argel, al R. P. M. Fr. Gabriel Gómez de Losada, Redemptor dos vezes del Orden de N. S. de la Merced Redempción de Cautivos; en que le avisa de la muerte del Hermano Pedro de la Concepción, fundador de los Hospitales de Argel, que padeció en defensa de nuestra santa Fé, y la grande constancia que tuvo en ella.";;1667;;;;;;;
López Raposo de Castanheda, Juan;Relaçao de descobrimento dos Santos Martyres Secundiano e Romulo concordienses.;;;;;;;Vedi: Nicholás Antonio, Bibliotheca Hispana Nueva, vol. I, p. 720.;;
López, Marcos  (S.I.);Relación de la prisión y martirio del Padre Juan Ogilveo Escocés, que la escrivió de su mano en la cárcel de la ciudad de Glasconia ocho días antes que muriese, y la continuaron los presos sus compañeros.;;;;Printed book [ in 8º ];;;;;
Macedo, Francisco;Historia de los Mártires del Japón;;;;;;;Vedi: Nicholás Antonio, Bibliotheca Hispana Nueva, vol. 2  (INDICI), p. 638  [ col. II ];;
Matevad, Jaime  [ 1620-1644 ];Martyrio que con su Prouincial y otros siete Religiosos de la Compañia de Iesus, padecio el P. Baltasar de Torres en el Iapon, sacado fielmente de las cartas auténticas que de alli han veuido.;Barcelona, por Sebastian y Iayme Matevat;1631;;"Printed text  [ 4 pp. ; 4º ]";Martyrdom - Jesuits - Baltasar de Torres - Japan - Catholic Missions - Christian Martyrs - Historical Reports - Sacrifice for faith - Evangelization - Early-Modern Religious violence;The text belongs to the genre of the chronicle (events accounts). It reports the story of the Jesuit Baltasar de Torres, who in the early 17th century travelled to Japan, where he began to study the Japanese language. Years later, he was sent by his superiors to the Miaco region to carry out a difficult task of evangelisation: he stayed there for some years, during which he succeeded in converting some Japanese to the Catholic faith, and ministered to the needs and administered the sacraments to the new Christian worshipers. Finally, Father Balthasar suffered martyrdom, being killed on 21 June 1626, at the age of 63. At the time of his martyrdom, he had been in the Society of Jesus for 47 years, and had spent 26 years in Japan, where he acted as an Apostle, as the author says, “to the glory of our Lord, may he be praised in his Saints, for ever and ever”.;One exemplar held in BNE, Madrid  [ref.  R/28763 ].;http://bdh-rd.bne.es/viewer.vm?id=0000255163&page=1;The title is taken from the heading.
Matías de San Francisco (O.F.M.);Relación del Viage Espiritual, y prodigioso que hizo a Marruecos el Venerable Padre Fr. Juan de Prado …;;;[ Anastatical Reprint ? ] published in 1912.;Manuscript;;;;;
Matos, Gabriel de;Perseguiçaon de Japao;;;;;;;Vedi: Nicholás Antonio, Bibliotheca Hispana Nueva, vol. 2  (INDICI), p. 638  [ col. II ];;
Minguet e Yrol, Pablo  [ 1733-1778 ];"SAN ROMAN, PRESBYTERO, y Martyr. A 18 de Noviembre. In ""Diario sagrado, y kalendario general para todo genero de personas. Dividido en quatro partes...""";Madrid. Por Gabriel Ramirez;1750;1750, by Juan de Zuñiga (4 voll.);[ Printed book / Graphic material ];;;"The entire work is digitalised and accesible on the ""Biblioteca Digital Hispánica"" website.";http://bdh-rd.bne.es/viewer.vm?id=0000152601&page=1;1 printed image (xilography). Image's dimensions: 65 x 50 mm. The author of the image is the same of the Calendar: Pablo Minguet e Yrol  (1733-1778).
Minguet e Yrol, Pablo  [ 1733-1778 ];"La Degollación De San Juan Bautista. A 29 de Agosto.  In ""Diario sagrado, y kalendario general para todo genero de personas. Dividido en quatro partes...""";Madrid. Por Gabriel Ramirez;1750;;[ Printed book / Graphic material ];;;"The entire work is digitalised and accesible on the ""Biblioteca Digital Hispánica"" website.";http://bdh-rd.bne.es/viewer.vm?id=0000152361&page=1;1 printed image (xilography). Image's dimensions: 65 x 50 mm. The author of the image is the same of the Calendar: Pablo Minguet e Yrol  (1733-1778).
Montilla, Francisco de;Propagación de la Fé en las Filipinas;;;;;;;Vedi: Nicholás Antonio, Bibliotheca Hispana Nueva, vol. 2  (INDICI), p. 638  [ col. II ];;
Morales y Guerrero, Cristóbal de;Renegado, rey y martyr. Comedia famosa de don Christoual de Monroy;;XVII cent.;A total of Eleven editions of this play were published.;Theatre play  [Printed];"Martyrdom ; Cristobal Monroy ; Theatre literature ; Hagiographic drama";"It is a hagiographic drama. The text is a play in three acts and in verse, whose story develops mostly in Algiers. Pedro is a pirate born in Sardinia but converted to Islam, and therefore called a “renegade”. After the death of the King of Algiers, he is eventually chosen to replace him, but finally he converts again to Christian faith, thanks to ""the miracle of the Cross"". Pedro then confessed his error before everyone and made a profession of faith, and when he hears that Charles V is coming to Algiers to conquer it, he decides to surrender the city to the Christian Emperor, as a Sacrifice to God. The moors of Algiers revolt against their king, who had betrayed his people, pushing him to abandon the city, but Pedro exalts the expiation value to die as a martyr and is finally murdered by moors, dying as a Martyr in the arms of his father.";;http://catalogo.bne.es/uhtbin/cgisirsi/x/0/0/57/5/3?searchdata1=6562974{CKEY}&searchfield1=GENERAL^SUBJECT^GENERAL^^&user_id=WEBSERVER;The play was composed by the Spanish playwright Cristobal Monroy, pseudonym of Cristobal Morales y Guerrero.
Morales, Ambrosio;Vida y Martirio de San Justo y Pastor;;;;;;;Vedi: Nicholás Antonio, Bibliotheca Hispana Nueva, vol. 2  (INDICI), p. 639  [ col. II ];;
More, Thomas;Utopia. O la miglior forma di Repubblica;;1516  [ editio princeps ];Laterza, Bari, 2005;Printed book;Martyrdom [ ref. Ita. ed. 2005, p. 116 ];;;;
Morejón, Pedro  (S.I.)  [ Medina ? - ? ];Relación de la persecución del Japón desde el año de MDC hasta el de MDCXV.;;1615;1617  [in 8º];Printed book  [in 4º and in 8º];;;;;
Morejón, Pedro  (S.I.)  [ Medina ? - ? ];Relación de la misma persecución desde el año de MDCXV hasta el de MDCXIX.;Lisbon, en la imprenta de Juan Rodríguez;1621;;Printed book  [in 4º];;;;;
Morejón, Pedro  (S.I.)  [ Medina ? - ? ];Relación del martyrio de fuego que consiguieron en el Japón el año de MDCXXVI, nueve religiosos de la Compañía de Jesús con otros doce compañeros.;Roma;1632;;Printed book  [in 4º];;;;;The report was firstly published in italian and contained the annual letters and notices sent by Jesuits from Japan since 1625.  
MORENO, José;Niño gigante. Prodigiosa vida, singular martirio, preciosa muerte, repetidas y estupendas maravillas del Martir Grande de Capadocia, San Mamante ò Mamés;Zaragoza  [ por los Herederos de Diego Dormer ];1694;;Printed Book;"Hagiography ; Martyrdom ; Saint Mamet ; Roman Empire ; Persecutions against Christians";The work is about Mametes of Caesarea, or Saint Mamés. The second book of the work is devoted to the crucial years of his life and the events that preceded his martyrdom. According to the chronicles, the young Mamés was killed by order of the Roman governor of Caesarea, as he refused to renounce and condemn the Christian faith, in the year 275 A.D., at the age of only sixteen.;;http://catalogo.bne.es/uhtbin/cgisirsi/x/0/0/57/5/3?searchdata1=508601{CKEY}&searchfield1=GENERAL^SUBJECT^GENERAL^^&user_id=WEBSERVER;
Order of Our Lady of Mercy;Constitutiones Fratrum Sacri Ordinis Redemptorum B. M. V. de Mercede.;Salamanca;1588;"Estatutos y constituciones del Orden de N. Señora de la Merced  [ 1694 ; 1728 ; 1840 ]";Printed book;Constitutions of the Religious Order of Our Lady o Mercy;;;;
Pedro Pascual;Gamaliel. nueuamēte traduzido en lengua castellana, añadido, historiado y con mucha diligēcia reconoscido y emēdado ... [por] Juā de Molina sobre la nueua traduciō de Gamaliel q d lēgua catalana ē castellana ha mudado.;Seville, por Juan Cronberger [ Printer ];1534;This is a Spanish translation of the lost original, written in Catalan language, since its author was from Valencia. The work was firstly translated into Latin, and eventually translated to Spanish by Juan de Molina (fl. 1517-1552). Escudero (n. 348) merely cites Sr. Gayangos’ note as follows (without describing the book or quoting the title): Gamaliel, Seville, 1534, 4to. Other editions are cited by Pérez Pastor (Toledo), n. 140 and in Palau’s Manual (III, p. 299) but each of them has a slightly different title to this one. Unknown to Salva.;Printed book  [ Small 4º, half morocco ];Jesus Christ’s Passion - Pedro Pascual (author) - Molina, Juan de (translator) - Cromberger, Juan (printer) - España - Sevilla - Cross Sacrifice - Redempion;"The work consists of three books: the first is dedicated to the Holy Passion of Jesus Christ, the Last Supper, Judas' betrayal, the sentence of crucifixion, and focuses particularly on the role of Master Gamaliel, who defended Jesus. The second book deals with the destruction of Jerusalem by Titus in 70 A.D., under Vespasian, a key episode in the first Jewish war (which began with the rebellion of the Jews who refused to pay tribute to Rome), but which the author attributes to the punishment inflicted by God for the death of Jesus. The third and last book deals with the life of St Lazarus, Mary Magdalene and St Martha, and the resurrection of Christ.
Overall, the work deals at length with the Passion and death of Jesus Christ, the Sacrifice of God made man and the torments he suffered on the Cross for the redemption of Humanity. It contains the following chapters:
La pasión de nuestro redentor, historiada ; La destrucción de Hierusalem, historiada ; La vida de sant Lazaro y de la gloriosa María Magdalena historiada ; El razonamiento que pasó entre nuestro salvador y su gloriosa madre el Jueves santo ; La muerte de los inocentes historiada ; Los Agnus Dei de San Juan Baptista ; Tiene añadido un sermón de sant Hieronymo sobre la triunfante y gloriosa resurrección de nuestro salvador.";;http://catalogo.bne.es/uhtbin/cgisirsi/x/0/0/57/5/3?searchdata1=4712571{CKEY}&searchfield1=GENERAL^SUBJECT^GENERAL^^&user_id=WEBSERVER;"This is an extremely rare book. In the first sheet (before the text) there is a note machine-written that reports the following: “Strictly prohibited by the Inquisition in all languages”. Title in red and black Gothic Letter within ornamental woodcut border; full-page woodcut of the Crucifixion on verso; numerous other woodcuts in the texts, which is in Gothic Letter. This is a Castilian (Spanish) translation, realized by Juan de Molina from the original Valencian text. As the book lacks the colophon and last page, or pages of para-text, it is impossible to give its date with certainty, but a manuscript note on the fly-leaf gives it as 1534. The title of the Spanish translation is  ""Gamaliel nueuamēte traduzido en lengua castellana, añadido, historiado y con mucha diligēcia reconoscido y emēdado […]"". This edition contains 78 pages, with illustratations.  [ There are 16 leaves with marginal repairs, of which one lacks a small portion of the original text ]."
Pérez, Sebastián;De Sacramentis in Genere: Baptismo, Confirmatione, Eucharistia sacramento & sacrificio, Canonis Missae explicatione. Commentarii et Disputationes analyticae.;Burgos, apud Philippum Iuntam [printer];1588;;Printed book;"Sacrifice ; Holy Sacraments ; Theological treaties ; Catholic Liturgy";;;;
Pinheiro, Luis;Relación del suceso de la Fe Católica en el Japón imperando Cuhosama;;;;;;;Vedi: Nicholás Antonio, Bibliotheca Hispana Nueva, vol. 2  (INDICI), p. 639  [ col. I ];;
Pons, Salvador  [ Barcelona, Order of Preachers ];Vida y Martirio de Santa Madrona y de su translación a Cataluña.;Barcelona;1594;;Printed book  [in 4º];;;;;
Quesada, Pedro de  [ ? - 1661 ];Notitia de San Román Mártir;Granada, en la imprenta de Vicente Álvarez;1638;;Printed book  [in 4º];Martyrdom - Saint Roman - Hagiography - Granada;;;;
René Lezcano, Antonio;Relación del martirio de Tomas Haso, inclito mártir de Iesu Christo, y de Nicolas Sisburno Ingleses, y de una muger varonil: con otros avisos importantes, embiados por un sacerdote del Seminario de Seuilla, testigo de vista que fue de todo.;Granada. En casa de Antonio René;1615;;Printed source;Christian Martyrs - XVII century - Great Britain - Thomas Has - Nicholas Sisbourne - Account reports - Religious persecution - Sacrifice for faith;The text is very short (4 pages): it relates the story of an English Protestant, Thomas Has, who in the early 17th century, following his marriage to a Catholic woman and thanks to the influence of her confessor, converted to Catholicism and became a fervent follower. He claimed that he had converted to Catholicism and was willing to die for the true faith: he was sentenced to death (together with a companion) in 1615. The same report also exposes the martyrdom of an English aristocratic woman of the Calvinist faith who, after converting to Catholicism, endeavoured to get three of her relatives (all women) to convert as well. The woman was denounced by the English authorities to the Archbishop of Canterbury, who had her locked up in prison. One year later, after being released from prison, she returned to preach Catholicism and was again denounced, being sentenced to perpetual imprisonment. She finally threw herself into a river, where she drowned, thus she is remembered as a martyr for the faith.;[ BNE ]  VC/226/58;http://catalogo.bne.es/uhtbin/cgisirsi/x/0/0/57/5/3?searchdata1=3916036{CKEY}&searchfield1=GENERAL^SUBJECT^GENERAL^^&user_id=WEBSERVER;
René Lezcano, Antonio;Relación del martirio de Tomas Haso, inclito mártir de Iesu Christo, y de Nicolas Sisburno Ingleses, y de una muger varonil: con otros avisos importantes, embiados por un sacerdote del Seminario de Seuilla, testigo de vista que fue de todo.;Granada;1615;;Printed book;"Martyrdom ; Thomas Has ;";;;;
Resende, Andrés;Breviarium Eborense. Officium et vita B. Gundisalvi de Amaranto. De SS. Martyribus Vincentio, Sabina et Christetide. Vitae S. Aegidii, Scalabitani. A Vida do Santo F. Pedro do convento de S. Domingos de Evora. De Sanctis Lusitaniae.;;;;Manuscript;;;Vedi: Nicholás Antonio, Bibliotheca Hispana Nueva, vol. 2  (INDICI), p. 639  [ col. II ];;
Salazar, Pedro;Hispania Victrix. Historia en la qual se quentan muchas guerras sucedidas entre Christianos y Infieles assi en mar como en tierra desde el año MDXLVI hasta el de LXV con las guerras acontecidas en la Berbería entre el Xarife y los Reyes de Marruecos, Fez y Vélez.;Medina del Campo, en la imprenta de Vicente de Millás;1570;1576 (II ed.);Printed Book;;;;;
Salazar, Pedro;"Hystoria de la Guerra y pressa de África; con la destrucción de la villa de Monatzer y Isla del Gozo y pérdida de Tripol de Bervería, con otras muy nuevas cosas.";Naples ;1552;;Printed Book;;;;;
San Francisco, Matías de;Relación del Viaje espiritual y prodigioso que hizo a Marruecos el Venerable padre Fr. Juan de Prado.;Madrid, by Francisco García;1643;Re-edition printed in Tanger, 1945.;Printed Book; Martyrdom - Maroc - Juan de Prado;;Vedi: Nicholás Antonio, Bibliotheca Hispana Nueva, vol. 2  (INDICI), p. 644  [ col. I ];;Questo ce lo hai tra i tuoi appunti già in BNE Mss.
Serrano, Juan (Franciscan Order)  [ ? - 1637 ];De sacrosanto Missae Sacrificio ejusque mysteriis;Naples, by Egidio Longo [ Printer ];1635;;;;;;;It is the translation of the original in Latin.
[ Societas Iesus ];Breue narrazione del martirio di cento diciotto e più martiri. Martirizati con atrocissimi tormenti per la fede di nostro signore Giesù Cristo l'anno 1622, nel Giappone.;Naples, by Domenico Maccarano;1625;;;;;;;It is a revised and summarised translation of the original in Spanish.
Sosa, Antonio de  [ ? - 1608? ];Topographía e Historia general de Argel. Repartida en cinco tratados, donse veran casos estraños [sic], muertes espantosas y tormentos exquisitos ... dirigida al ilustrissimo señor don Diego de Haedo, arzobispo de Palermo ... por el maestro fray Diego de Haedo, Abad de Fromesta, de la orden del Patriarca san Benito.;Valladolid, Diego Fernandez de Cordoba y Oviedo;1612;"Haedo, Diego de  [Sosa, Antonio de]: Topografía e Historia general de Argel, Madrid, Sociedad de Bibliófilos Españoles, 1927-1929  (3 volumes)    ;    French Translation of the ""Algiers's Topography"" by Monnereau y Berbrugger, in ""Revue Africaine"", Vol. XIV , 1870, pp. 364, 414, 490; and Vol. XV (1871), pp. 41, 90, 202, 307, 375, 458     ;      French Translation of the ""History of the Kings of Algiers"" by A.G. Grammont and A. Jourdan, in ""Revue Africaine"", Vol. XXV , 1881  [ separated annexed ]    ;    French Translation of the two last treaties (Dialogue of captivity and Dialogue of Martyrs) by Mitinier-Voille, Algiers, 1911.";Printed book;;"""Topography and General History of Algiers"" is a fascinating chronicle written by the Portuguese cleric Antonio de Sosa, who describes, from the perspective of his captivity in the late 16th century, the Algerian society under the splendor of Turkish rule. It is a rare and curious work and contains important information on Christian captivity in late 16th century Algiers.  The author wanted his work to be published Anonyme, probably because of the perspective employed by the narrator to describe and judge the life, virtues and sins of the society he observes, but also of the several Christians that converted to Islam and moved Algiers, or the hundreds of Christian captives that decided to convert to Islam having lost the hope of their freedom. The book is of a great complexity but it also presents  some inconsistencies (above all in the second part). Antonio Sosa's Topography oscillates between a harsh attack against the Algerian society and praise of certain virtues of its inhabitants, between fascination for and a complete rejection toward the Other, seen as Unfaithful and Barbarian.";;http://bdh-rd.bne.es/viewer.vm?id=0000079195&page=1;"The author of this work is not Diego de Haedo, as it was firstly assumed, nor Cervantes (to whom it was attributed by mistake by Daniel Eisenberg), but the Portuguese friar Antonio de Sosa, as revealed by Patricia Marín Cepeda in a study published in 2010. It exists at least one copy of the same edition with typographical variants on pages A1 and A2  and a different vignette with the Royal coat of arms and two angels, instead of two eagles and cornucopias. The digital version provided (see the related link) is the scan of the original edition, which is the only one having been digitalised. The first edition was published thanks to the support of (“a costa de"") Antonio Coello."
Talamanco, Juan;Vida del apostolico Padre el B. Fr. Juan Gilabert del orden de la Merced [...] compañero del glorioso, y portentoso San Vicente Ferrer en el exercicio de la evangelica predicacion, y fundador del insigne hospital general de la ciudad de Valencia. La escribía el presentado Fr. Juan Talamanco [...];Madrid [ Imprenta del Convento de Nuestra Señora de la Merced ];1735;;Printed Book;Order of Mercy - Spain - Madrid - Juan Gilabert - Biography - Hagiography - Sacrifice of freedom;;"The entire work is digitalised and accesible on the ""Biblioteca Digital Hispánica"" website.";http://bdh-rd.bne.es/viewer.vm?id=0000083484&page=1;
Tamayo y Salazar, Juan;San Epitacio Apóstol y Pastor de Tui, civdadano obispo y martir de Ambracia oy Plasencia, su vida y martirio.;[n. g.];1646;;Printed book;Martyrdom - Placencia - Spain - Early Christiandom - Proto-martyrs - Saint Epitacius;The book is about the life and martyrdom of Saint Epitacius (1st century A.D.), bishop of Plasencia, a city in the Spanish region of Extremadura, on the border with Portugal.;;;
Valera, Cipriano;Tratado para confirmar en la Fé cristiana a los cautivos de Berbería;;1594;;Printed book;"Sacrifice ; Protestant faithful ; confessional questions ; captivity ; slavery";"The treaty focuses on the risk that Christian captives in Barbary had to deny their faith and convert to Islam, expecially Protestant captives, less subjected to be ""redeemed"" than captives from Catholic countries. And, among them, children and women were considered more fragile in keeping their faith, so they needed to be ransomed first.";;;
Valsalobre, Alfonso de;De la vida y milagros de Fray Pedro Baptista, y sus compañeros mártires;;;;;;;Vedi: Nicholás Antonio, Bibliotheca Hispana Nueva, vol. 2  (INDICI), p. 639  [ col. II ];;
Villegas, Alonso de;Flos Sanctorum.;[n. g.] [ por Francisco del Hierro ];1721-1724;;Printed text  [ 2 voll. ];;;;;
Colombo, Felipe  [ 1623-1684 ];Compendio en breves noticias de la vida del inclito martir S. Pedro Pasqual, del Real y Militar Orden de Nuestra Señora de la Merced, Redempcion de Cautivos [...];;1673;;Hagiography  [printed];;;;;
Order of Our Lady of Mercy;Estatutos y constituciones que an de guardar los esclavos de nuestra Señora de la Merced. Compuestos por el padre presentado fray Pedro de la Serna, letor de prima, y regente de los estudios del Collegio de san Laureano, del Orden de N. Señora de la Merced [...];Seville;1615;;Religious Order's Laws / Constitutions;;;;;
Discalced Friars of the Order of Our Lady of Mercy;Constitutiones Sacri et Regalis Ordinis PP. Excalceatorum B. Mariae de Mercede Redemptionis Captivorum, authoritate Apostolica ab origine suae Fundationis firmatae. Quibus in hac ultima editione accesserunt ea Omnia nova decreta, quae in pluribus Capitulis Generalibus successiva confirmatione sancita, aequali cum isdem Constitutionibus antiquis robore sunt aggregata.;;1685;;Religious Order's Laws / Constitutions;;;;;
[ Unknown ];Celebre conversione alla fede cattolica di due arabi maomettani, e martirio di uno di loro. Estratto di una lettera particolare di Madras del 2 giugno.;Venice  [ Stamperia Rosa ];1811;;;;;Extract from the “Il Giornale Italiano”, September 19, 1811, n. 262  [ p. 1045 ];;
[ Anonyme ];Noticia de la forma en que el dia 5 de Agosto de este año de 1692 se lleuaron a la Real presencia de Su Magestad los Christianos que estauan Captiuos del Rey de Mequines, a quienes rescató la Venerable Orden Tercera de N.P. San Francisco, con la Superintendencia del Eminentissimo señor Cardenal Don Luis Manuel Portocarrero.;[ n. g. ];1692;;;;;One copy in BNE (ref.:  VE / 128 / 1);;
Francisco de Santa María;Camino de salvación y vida eterna;;XVII cent.;;Manuscript;;;BNE, MSS/6989.;;
Villegas, Alonso de;Vida de San Isidro Labrador;;;;;;;Vedi: Nicholás Antonio, Bibliotheca Hispana Nueva, vol. 2  (INDICI), p. 639  [ col. II ];;
Vega y Toraya, Francisco.;Chronica de la provincia de Castilla, León, y Navarra, del Orden de la Santissima Trinidad, Redención de cautivos [...];Madrid  [ Imprenta Real: por Joseph Rodríguez de Escobar ];1720-1729;;Printed text  [ 3 voll. ];;;;;
Vega y Toraya, Francisco.;Vida del Beato Simon de Roxas, del Orden de la Santisima Trinidad, Redención de Cautivos Christianos, fundador de la Congregación del Dulcísimo Nombre de María.;Madrid  [ por D. Joachín Ibarra, Impresor de Cámara de S. M. ];1772;;Printed book;;;;;
Ximénez, Francisco;Viaje y Diario de Argel y Túnez de Francisco Ximénez de la inclita y celestial Religion de la SS. Trinidad […];;1718 - 1720;;Manuscript  [ 7 voll. ];;;Biblioteca de la Real Academia de la Historia (Madrid):  Mss. 9-6008 to 9-6014;;
[ Anonyme ];Carta [...] de Hernando de Meneses a Duarte de Meneses su padre, capitán de Tánger en la que describe, desde su cautiverio en Fez, el martirio de un fraile franciscano en 1530;;;;Manuscript;;;Instituto de D. Juan de Valencia, Mss. 26-I-23, Fol. 89-100.;;
Olave, Antonio de.;El glorioso martirio del padre fray Andes de Espoleto. Con su prologo […] 20 de Octubre MDXLIIII.;Medina del Campo, [por] Pedro Castro.;1544;Reimpresión facsimil  [ s.i. , s.a. ];;;;;;
Torres, Diego de  († 1585);"Relación del origen y suceso de los Xarifes y del estado de los reinos de Marruecos, Fez y Tarudante, y los de mas, q[ue] tienen usurpados ; por Diego de Torres.";Seville  [ en casa de Francisco Perez ];1586;"French Translation, together with Luis Mármol Carvajal's work, by the Duque of Angulema, Paris, Thomas Jolly, 1667    ;      Critical Edition, 1980 :  ""Edición, estudio, índices y notas de Mercedes García-Arenal ; prólogo de Julio Caro Baroja"", Madrid, Siglo XXI de España, 1980.";Printed Book;Morocco - African History - XVI century Mediterranean - Christian-Islamic interaction - Diego de Torres - Xarifes - Sacrifice for Faith - Religious confrontation - Early-Modern Crusade - Holy War - Christian Martyrdom in North Africa - Maroccan kingdoms;Catholic treaty on religious rivalry in North Africa: the text relates Spanish military expeditions against the kingdom of Marocco in the mid 16th century and the defeat and subsequent abandon of the Spanish conquest of Morocco.;;"http://catalogo.bne.es/uhtbin/cgisirsi/x/0/0/57/5/3?searchdata1=4656891{CKEY}&searchfield1=GENERAL^SUBJECT^GENERAL^^&user_id=WEBSERVER   ;   http://bdh-rd.bne.es/viewer.vm?id=0000045830&page=1";Digital Reproduction in PDF / JPG format available at the following link:  http://bdh-rd.bne.es/viewer.vm?id=0000045830&page=1
Pasamonte, Jerónimo de  [ 1553 - after 1605 ];Vida y trabajos de Jerónimo de Pasamonte;Revue Hispanique, t. LV;1922  [ Manuscript : 1605 ];"Pasamonte, Jerónimo de: Vida y trabajos de Jerónimo de Pasamonte [1605], in Autobiografías de soldados (siglo XVII), edited by José María de Cossío, Biblioteca de Autores Españoles [BAE], Madrid, Atlas, vol. XC, pp. 5-73  ;   Pasamonte, Jerónimo de:  Autobiografía, edited and commented by Miguel Ángel Bunes Ibarra and José María Cossío, Sevilla, Espuela de Plata, 2006.";Printed Book;North Africa - Early-Modern Mediterranean - Spain - Sacrifice for the nation - Sacrifice for faith - Jerónimo Pasamonte - Autobiography - Maghreb - Early-Modern Crusade - Spanish-Ottoman warfare - captivity - slavery;The book is an autobiographical account, originally manuscript, written by the Spanish soldier Jerónimo de Pasamonte and ended in about 1604-1605. The text relates his author's life and war experiences in the second half of 16th century, including his captivity in the hands of the Turks. The author indeed suffered imprisonment and slavery for almos twenty years, during which he was sold and bought several times: he consider all his lifelong experience as a sacrifice for the defense of faith (holy war against the infildels), but also a sacrifice for the good and safety of his Nation. In both cases, the author considers his participation to the war against the Ottoma Empire as a means to expiate his sins, a sacrifice needed both to serve and defend Spanish Monarchy and to deserve his own's salvation.;;http://catalogo.bne.es/uhtbin/cgisirsi/x/0/0/57/5/3?searchdata1=2724208{CKEY}&searchfield1=GENERAL^SUBJECT^GENERAL^^&user_id=WEBSERVER;"The manuscript is untitled, but the work is known as ""Vida y trabajos de Jerónimo de Pasamonte"" (Life and Trubles of Jerónimo de Pasamonte)."
Ramos, Hieronymo (fray);Chrónica dos feitos, vida, e morte do Iffante sancto Dom Fernando, que morreo em Feez : revista & reformada agora de novo pelo padre F. Hieronymo Ramos da Ordem dos Preegadores: de mandado do Serenissimo Cardeal Iffante & a elle dirigida.;Lisbon;1577;;Printed book;;;;;
Ramusio, Giovan Battista;Primo volume, & terza editione delle navigationi et viaggi raccolto gia da Giovan. Battista Ramusio […], Nel quale si contengono la descrittione dell'Africa & del paese del Prete Giovan Lioni Africano, con varij viaggi […];Venice, Stamperia de' Giunti;1563 - 1565;"French Translation of the work by Juan León called ""the African"": text edited by A. Epaluard, II volumes, Paris, 1956  ;   Partial Spanish Edition printed in Tetuán, 1952.";Printed Book;;;;;
Mármol Carvajal, Luis de.;Descripción General de África. Parte 1 : volumes I - II;Granada, René Rabut;1573;Re-edition of the first volume of the first part made by Augustín G. de Amezúa, Madrid, CSIC, 1952.;;;;;;
Aguilar, Pedro;Memorias del cautivo de la Goleta de Túnez;Madrid, ed. by Pascual Gayangos;1895;;;;;;;
Haedo, Diego de  [ see Sosa, Antonio de ];Topographía e Historia general de Argel. Repartida en cinco tratados, donse veran casos estraños [sic], muertes espantosas y tormentos exquisitos ... dirigida al ilustrissimo señor don Diego de Haedo, arzobispo de Palermo ... por el maestro fray Diego de Haedo, Abad de Fromesta, de la orden del Patriarca san Benito.;;;;;;;;;
Mármol Carvajal, Luis de.;Descripción General de África. Parte 2 : vol. III;Málaga, en la imprenta de Juan René;1599;"A French Translation of the entire work was published, together with a translation of the Diego de Torres's treaty (see), in a three-volumes work titled :  ""L'Afrique de Marmol, de la traduction de Nicolas Perrot, sieur d'Ablancourt, divisée en trois volumes et enrichie de cartes géographiques de M. Sanson, géographe ordinaire du Roi. Avec l'Histoire des Chérifs, traduite de l'español de Diego de Torres, par le duc d'Angoulème le père, revue et retouvhée par P.R.A., Paris, Thomas Jolly, 1667.";;;;;;
Baiao, P. José Pereira;Portugal cuidadoso e lastimado com a vida e perda do senhor Dom Sebastião, o desejado de saudosa memoria.;Lisbon;1737;;;;;;;
Castillo, Diego del.;Historia de la presa de las Gelbes, en Africa, y valerosísima defensa que hizo de su fortaleza don Álvaro de Sande hasta su pérdida, dedicada al serenísimo señor Emmanuel Filiberto, Duque de Saboya.;?;;"Edited and published within the ""Colección de Libros Españoles Raros y Curiosos"", Madrid, 1888, pp. 162-289.";;;;;;
[ Unknown ];Discurso, ò Relación de las guerras de Berbería y del lamentable sucesso que sucedió al rey D. Sebastián a quatro de Agosto del año mil y quinientos y setenta y ocho.;;;;Manuscript;;;BNE, Mss. 319.;;
Conestaggio, Jerónimo Franchi;Jornada y muerte del rey Don Sebastián, sacada de las obras de Franchis;Valladolid;1603;;;;;;;
Fuentes, Diego.;Conquista de África, donde se hallan agora nuevamente recopiladas … muchas y muy notables hazañas de particulares cavalleros.;Anversa, by Philippe Nutio;1570;;;;;;;
Galán Escobar, Diego.;Relación de el Cautiverio y Libertad de Diego Galán, Natural de la Villa de Consuegra y veçino de la Ciudad de Toledo, de 1589 a 1600.;;;"Edited by Manuel Serrano y Sanz and published by the ""Sociedad de Bibliófilos Españoles"", Madrid, 1913.";;;;;;
Gavi de Mendoça, Agostinho de.;História do famoso cerco que o Xarife pos a fortaleza de Mazagão, defendido pello valeroso Capitan Môr della Alvaro de Carvallo, gobernando este reino e Serenissima Reyna Catherina, no anno de 1562.;Lisbon, por Vicente Alvares;1607;;;;;;;
Ginés, Juan;Relación verdadera, donde se da cuenta de la dolorosa muerte que Muley Amete Rey de Marruecos mandó dar a nueve moços, y a un clérigo de Evangelio, vezino de la ciudad de Toledo, y como fue quemado por la doctrina que enseñó a estos, los quales murieron mártyres y bienaventurados.;Barcelona, por Sebastián Matevat;1621;;;;;;;
Gomes da Rocha Madahil, Antonio.;O tratado da vida e martirio dos cinco mártires de Marrocos.;Coímbra;1568;Re-edited in Coimbra, 1920.;;;;;;
Gracián de la Madre de Dios, Jerónimo (fray).;Tractado de la Redempción de captivos, en que se cuenta las grandes miserias que padescen los Christianos que están en poder de infieles, y de qual sancta obra sea la de su rescate, y de algunos medios y appuntamientos para ello.;Rome, Giacomo Luna;1597;"An edition of Jerónimo Gracián's whole works was published by Father Silverio de Santa Teresa, and included in the ""Biblioteca Mística Carmelita"", Burgos, 1932-1933, in 3 volumes.";;;;;;
Gracián de la Madre de Dios, Jerónimo (fray).;Excelencias, vida y trabajos del Padre Fray Jerónimo Gracián de la Madre de Dios, Carmelita.;Madrid, BAE;1952;Biblioteca de Autores Españoles, Vol. LV, Madrid, 1952, pp. 452-485.;;;;;;
Nieto, Luis (fray);Relación de la(s) Guerras de Berbería y del Suceso y Muerte del rey Don Sebastián.;Paris, by Nicolas Chesneau;1579;CODOIN, vol. C, 1881, pp. 441-452;;;;;;
Ojeda (o Oxeda), Luis;Relation de la Bataille de El-Ksar El-Kebir.;;;"Published in ""SIHM""  (Sources Inédites de l'Histoire du Maroc), 1st serie, [Paris], vol. I, pp. 575-627.";;;;;;
San Román, fray Antonio de.;Jornada y muerte del rey Don Sebastián de Portugal.;Valladolid, Juan Yniaguez de Lequerica;1603;;;;;;;
Tamayo, José (fray).;Memorias del captiverio del P. José Tamayo, de la Compañía de Jesús.;;;;Manuscript;;;Universidad de Salamanca, sección Mss.;;
Ulloa, Alfonso de.;La Historia dell'impresa di Tripoli di Barberia, della presa del Pegnon di Velez della Gomera in Africa, e del successo della potentissima armata Turchesca venuta sopra l'isola di malta l'anno 1565 […];[ Naples ];[ 1566 ? ];;;;;;;
Ocaña, Ginés de (fray).;Epítome del Viaje que hizo a Marruecos el Padre Fr. Francisco de la Concepción, Consultor del Santo Oficio, […];;;;;;;;http://catalogo.bne.es/uhtbin/cgisirsi/x/0/0/57/5/3?searchdata1=3322419{CKEY}&searchfield1=GENERAL^SUBJECT^GENERAL^^&user_id=WEBSERVER;
Pombo, Manuel de  [ 1769 - 1829 ];Resumen Histórico de la invasión y conquista de España por los Franceses. Comprehende desde el 2 de Mayo de 1808 de la Matanza de madrid, hasta 9 de Enero de 1812 en que fué tomada València. Por el Ciudadano Manuel de Pombo, Ministro Contador Superintendente de la Casa de Moneda de Santafé. En la Imprenta Patriótica de Don Nicolas Calvo.;Bogotá (Colombia);1812;;Printed text;Sacrifice for the Nation - Defense against foreign invasion - Spain - France - XIX cent. - Military history - Nationalism - Spanish Patriots - Sacrifice for Freedom - Sacrifice for Political Independence;"Racconta le vicende militari e le tragiche conseguenze economiche e politiche dell'invasione e conquista francese della penisola iberica, nella campagna napoleonica condotta tra il 1808 e il 1812. L'autore parla, in varie parti del testo, dell'immenso ""Sacrificio de la escuadra, y de la sangre y oro de la Nación""  (p. 69).";;http://bdh-rd.bne.es/viewer.vm?id=0000112061&page=1;
[ Anonymous ];"Versión parafrástica del Psalmo LXXVIII. Prece que nadie podrá leer este salmo sin considerarle como una profecía de las calamidades con que la divina justicia ha querido afligir à España por medio de la ferocidad de los franceses desde que la invadieron en 1808; y del fervor con que las almas buenas han implorado e imploran la misericordia del Señor [...]";Madrid, imprenta de Fuentenebro, calle Jacomotrezo;1813;;Printed text;Psalms - Sacrifice for the Nation - Defense against foreign invasion - Spain - France - XIX cent. - Sacrifice for Freedom;Traduzione del Salmo 78 in lingua spagnola, con commenti e note esplicative ai versi. Il traduttore e autore dei commenti al testo afferma che il detto salmo si possa leggere come una profezia delle calamità e disgrazie che il popolo spagnolo in quegli anni stava soffrendo a causa dell'invasione napoleonica (1808-1814), con uccisioni, saccheggi, incendi, stupri, violenze e atrocità perpetrate dagli invasori ai danni degli inermi suoi compatrioti.;;http://catalogo.bne.es/uhtbin/cgisirsi/x/0/0/57/5/3?searchdata1=3727399{CKEY}&searchfield1=GENERAL^SUBJECT^GENERAL^^&user_id=WEBSERVER;
[ Anonymous ];Estragos y ruinas, que la invasion de los exércitos franceses, ha causado en la península de España, en quanto á la verdadera Católica creencia, y rectitud de costumbres, que para su reparacion merece la atencion zelosa de los verdaderos Pastores Ministros del Santuario. Por un Párroco Extremeño del Priorato de San Márcos de Leon, en el Órden Militar de Santiago, Individuo del mismo Orden.;Madrid, imprenta de López García y hermano.;1814;;Printed text;Sacrifice for the Nation - Sacrifice for Faith - Defense against foreign invasion - Defense of Faith - Spain - France - XIX century - Spanish Patriots - Sacrifice for Freedom;"Il testo descrive ""le rovine, calamità e gli orrendi disastri"" che ha causato l'invasione francese in Spagna e le ""orribili sciagure e nefande atrocità"" che ha sofferto la Chiesa Cattolica in seguito all'invasione napoleonica in Spagna. L'autore, un anonimo parroco e religioso dell'Ordine di  Santiago in Estremadura, sottolinea in più punti il ""sacrificio di sangue"" di tanti soldati, ma anche di semplici fedeli suoi connazionali, la loro ""eroica resistenza"" di fronte all'invasione nemica e le infinite disgrazie sofferte dagli abitanti con la distruzione di intere città e l'orrore di territori devastati e il sacrificio di migliaia di uomini, caduti nella lotta per la difesa della fede e della Nazione.";;http://catalogo.bne.es/uhtbin/cgisirsi/x/0/0/57/5/3?searchdata1=6756307{CKEY}&searchfield1=GENERAL^SUBJECT^GENERAL^^&user_id=WEBSERVER;
Rivas, Juan de  ( † 1562 );Dialogum devotissimum de vita hominis Christiani.;;;;;;;Vedi: Nicholás Antonio, Bibliotheca Hispana Nueva, vol. I, p. 767;;
Rivas, Juan de  ( † 1562 );Vitas Patrum Sanctorum: Vitas Patrum, & suorum sociorum, qui primi lucem Evangelii his populis intulerunt.;;;;;;;Vedi: Nicholás Antonio, Bibliotheca Hispana Nueva, vol. I, p. 767;;
Collazo, Antonio;Relación de lo sucedido a los Padres de la Compañía de Jesús en la India Oriental, y Japón en los años de MDC y MDCI;Ex Lusitánico Ferdinando Guerrero, [ Pincia ? ];1604;;;;;;;
